service_day,bus_id,farebox,apc
08/18/25,1109,412,20
08/18/25,1114,167,4
08/18/25,1501,345,408
08/18/25,1601,295,159
08/18/25,1603,226,221
08/18/25,1801,28,0
08/18/25,1803,163,81
08/18/25,1805,735,540
08/18/25,1807,47,33
08/18/25,1808,276,314
08/18/25,1810,342,267
08/18/25,1811,4,0
08/18/25,1901,208,160
08/18/25,1902,170,89
08/18/25,1903,395,257
08/18/25,1905,161,143
08/18/25,1907,198,139
08/18/25,1909,187,119
08/18/25,1911,403,493
08/18/25,1912,13,74
08/18/25,2101,93,63
08/18/25,2102,437,354
08/18/25,2501,448,289
08/18/25,2502,156,86
08/18/25,2503,313,283
08/18/25,2504,230,215
08/18/25,2505,347,79
08/18/25,5503,211,0
08/19/25,0,42,0
08/19/25,1109,468,48
08/19/25,1113,0,2
08/19/25,1114,741,23
08/19/25,1501,244,241
08/19/25,1601,418,477
08/19/25,1603,237,252
08/19/25,1803,6,7
08/19/25,1805,485,324
08/19/25,1807,65,63
08/19/25,1808,176,204
08/19/25,1810,356,403
08/19/25,1811,230,246
08/19/25,1901,245,292
08/19/25,1902,940,991
08/19/25,1903,469,579
08/19/25,1905,278,361
08/19/25,1907,286,324
08/19/25,1909,103,159
08/19/25,1911,68,128
08/19/25,1912,34,67
08/19/25,2101,332,504
08/19/25,2102,576,552
08/19/25,2501,200,248
08/19/25,2502,226,241
08/19/25,2503,654,754
08/19/25,2504,199,215
08/19/25,2505,304,108
08/19/25,5503,363,0
08/20/25,0,42,0
08/20/25,1109,485,43
08/20/25,1113,0,3
08/20/25,1114,597,30
08/20/25,1501,123,556
08/20/25,1601,353,381
08/20/25,1603,243,300
08/20/25,1803,453,457
08/20/25,1805,257,311
08/20/25,1806,5,7
08/20/25,1807,97,45
08/20/25,1808,336,370
08/20/25,1810,313,331
08/20/25,1901,192,254
08/20/25,1902,413,401
08/20/25,1903,336,288
08/20/25,1905,176,182
08/20/25,1907,1104,1167
08/20/25,1909,232,297
08/20/25,1911,112,117
08/20/25,1912,49,84
08/20/25,2101,111,103
08/20/25,2102,244,298
08/20/25,2501,451,459
08/20/25,2502,379,364
08/20/25,2503,308,318
08/20/25,2504,354,338
08/20/25,2505,1434,567
08/20/25,5503,1209,0
08/21/25,1109,546,46
08/21/25,1111,232,224
08/21/25,1114,550,62
08/21/25,1501,200,247
08/21/25,1601,880,934
08/21/25,1603,411,482
08/21/25,1803,377,157
08/21/25,1805,167,168
08/21/25,1806,558,48
08/21/25,1807,283,168
08/21/25,1808,822,725
08/21/25,1810,465,489
08/21/25,1901,927,923
08/21/25,1902,485,487
08/21/25,1903,456,421
08/21/25,1905,486,732
08/21/25,1907,0,349
08/21/25,1911,72,72
08/21/25,1912,180,199
08/21/25,2101,0,192
08/21/25,2102,104,331
08/21/25,2501,437,420
08/21/25,2502,635,541
08/21/25,2503,223,179
08/21/25,2504,254,308
08/21/25,2505,6,522
08/22/25,0,224,0
08/22/25,1109,708,70
08/22/25,1111,427,430
08/22/25,1112,35,33
08/22/25,1113,0,10
08/22/25,1114,791,35
08/22/25,1116,1,1
08/22/25,1501,467,470
08/22/25,1601,550,580
08/22/25,1603,381,397
08/22/25,1801,1518,219
08/22/25,1803,105,97
08/22/25,1805,260,252
08/22/25,1806,0,378
08/22/25,1808,1161,1025
08/22/25,1810,776,855
08/22/25,1901,409,432
08/22/25,1902,157,154
08/22/25,1903,1517,1295
08/22/25,1905,327,354
08/22/25,1911,184,438
08/22/25,1912,84,119
08/22/25,2101,420,137
08/22/25,2102,156,139
08/22/25,2501,316,322
08/22/25,2502,639,581
08/22/25,2503,205,563
08/22/25,2504,748,737
08/22/25,2505,0,186
08/22/25,5503,266,245
08/23/25,1114,0,29
08/23/25,1116,0,32
08/23/25,1603,0,797
08/23/25,1801,546,176
08/23/25,1808,133,283
08/23/25,1810,687,761
08/23/25,1811,742,706
08/23/25,1901,0,865
08/23/25,1902,348,333
08/23/25,1903,45,44
08/23/25,1905,606,601
08/23/25,1912,250,268
08/23/25,2101,0,583
08/23/25,2102,0,251
08/23/25,2501,40,220
08/23/25,2502,87,732
08/23/25,2503,726,837
08/23/25,2504,971,785
08/23/25,2505,1100,579
08/23/25,5503,0,629
08/24/25,0,422,0
08/24/25,1111,35,46
08/24/25,1113,0,27
08/24/25,1114,0,11
08/24/25,1501,813,758
08/24/25,1802,177,115
08/24/25,1803,200,240
08/24/25,1810,599,545
08/24/25,1901,515,478
08/24/25,1902,670,705
08/24/25,1903,759,688
08/24/25,1905,465,464
08/24/25,1912,188,231
08/24/25,2101,888,773
08/24/25,2102,923,817
08/24/25,2502,1248,978
08/24/25,2504,584,549
08/24/25,2505,450,67
08/25/25,1109,375,13
08/25/25,1111,193,197
08/25/25,1113,680,28
08/25/25,1114,725,43
08/25/25,1116,6,6
08/25/25,1601,241,281
08/25/25,1602,12,8
08/25/25,1603,626,651
08/25/25,1801,272,58
08/25/25,1802,461,310
08/25/25,1803,439,437
08/25/25,1805,878,854
08/25/25,1806,1090,420
08/25/25,1808,146,194
08/25/25,1810,0,624
08/25/25,1811,658,633
08/25/25,1901,640,639
08/25/25,1902,265,305
08/25/25,1903,91,106
08/25/25,1905,634,679
08/25/25,1911,0,104
08/25/25,1912,75,117
08/25/25,2102,782,771
08/25/25,2501,10,13
08/25/25,2502,1031,961
08/25/25,2503,1179,1091
08/25/25,2504,528,511
08/25/25,2505,422,141
08/25/25,5503,1160,988
08/26/25,1109,66,24
08/26/25,1113,615,18
08/26/25,1114,650,22
08/26/25,1601,784,707
08/26/25,1603,765,796
08/26/25,1801,470,185
08/26/25,1802,477,313
08/26/25,1803,635,653
08/26/25,1805,986,992
08/26/25,1806,441,42
08/26/25,1807,1015,149
08/26/25,1808,915,1045
08/26/25,1810,376,444
08/26/25,1811,82,98
08/26/25,1901,1109,1130
08/26/25,1902,557,571
08/26/25,1903,606,558
08/26/25,1905,199,205
08/26/25,1907,249,267
08/26/25,1911,0,154
08/26/25,1912,44,71
08/26/25,2101,443,422
08/26/25,2102,147,142
08/26/25,2502,920,841
08/26/25,2503,561,441
08/26/25,2504,931,872
08/26/25,2505,414,155
08/26/25,5503,211,243
